class_id,tamil_char,codepoints,precision,recall,f1_score,support
0,ா,U+0BBE,0.9718,0.9556,0.9636,180.0
1,அ,U+0B85,0.9770,0.9444,0.9605,180.0
2,ஆ,U+0B86,0.9771,0.9500,0.9634,180.0
3,இ,U+0B87,0.9290,0.9444,0.9366,180.0
4,ஈ,U+0B88,0.9827,0.9444,0.9632,180.0
5,உ,U+0B89,0.9727,0.9889,0.9807,180.0
6,ஊ,U+0B8A,1.0000,0.9611,0.9802,180.0
7,எ,U+0B8E,0.9396,0.9500,0.9448,180.0
8,ஏ,U+0B8F,0.9540,0.9222,0.9379,180.0
9,ஐ,U+0B90,0.9290,0.9444,0.9366,180.0
10,ஒ,U+0B92,0.8138,0.8500,0.8315,180.0
11,ஓ,U+0B93,0.8613,0.8278,0.8442,180.0
12,ஔ,U+0B94,0.9677,1.0000,0.9836,180.0
13,ஃ,U+0B83,0.9889,0.9889,0.9889,180.0
14,க்,U+0B95 U+0BCD,0.9609,0.9556,0.9582,180.0
15,க,U+0B95,0.9371,0.9111,0.9239,180.0
16,கி,U+0B95 U+0BBF,0.9118,0.8611,0.8857,180.0
17,கீ,U+0B95 U+0BC0,0.9326,0.9222,0.9274,180.0
18,கு,U+0B95 U+0BC1,0.8505,0.9167,0.8824,180.0
19,கூ,U+0B95 U+0BC2,0.9669,0.9722,0.9695,180.0
20,ச்,U+0B9A U+0BCD,0.9067,0.9722,0.9383,180.0
21,ச,U+0B9A,0.9527,0.8944,0.9226,180.0
22,சி,U+0B9A U+0BBF,0.8842,0.9333,0.9081,180.0
23,சீ,U+0B9A U+0BC0,0.9538,0.9167,0.9348,180.0
24,சு,U+0B9A U+0BC1,0.9611,0.9611,0.9611,180.0
25,சூ,U+0B9A U+0BC2,0.9454,0.9611,0.9532,180.0
26,ங்,U+0B99 U+0BCD,0.9940,0.9278,0.9598,180.0
27,ங,U+0B99,0.8894,0.9833,0.9340,180.0
28,ஙி,U+0B99 U+0BBF,0.9505,0.9611,0.9558,180.0
29,ஙீ,U+0B99 U+0BC0,0.9663,0.9556,0.9609,180.0
30,ஙு,U+0B99 U+0BC1,1.0000,0.9667,0.9831,180.0
31,ஙூ,U+0B99 U+0BC2,0.9780,0.9889,0.9834,180.0
32,ஞ்,U+0B9E U+0BCD,0.9316,0.9833,0.9568,180.0
33,ஞ,U+0B9E,0.9298,0.8833,0.9060,180.0
34,ஞி,U+0B9E U+0BBF,0.9706,0.9167,0.9429,180.0
35,ஞீ,U+0B9E U+0BC0,0.8842,0.9333,0.9081,180.0
36,ஞு,U+0B9E U+0BC1,0.9659,0.9444,0.9551,180.0
37,ஞூ,U+0B9E U+0BC2,0.9305,0.9667,0.9482,180.0
38,ட்,U+0B9F U+0BCD,0.9402,0.9611,0.9505,180.0
39,ட,U+0B9F,0.9889,0.9889,0.9889,180.0
40,டி,U+0B9F U+0BBF,0.9167,0.9778,0.9462,180.0
41,டீ,U+0B9F U+0BC0,0.9600,0.9333,0.9465,180.0
42,டு,U+0B9F U+0BC1,0.9058,0.9611,0.9326,180.0
43,டூ,U+0B9F U+0BC2,0.9153,0.9611,0.9377,180.0
44,ண்,U+0BA3 U+0BCD,0.9773,0.9556,0.9663,180.0
45,ண,U+0BA3,0.9000,1.0000,0.9474,180.0
46,ணி,U+0BA3 U+0BBF,0.9027,0.9278,0.9151,180.0
47,ணீ,U+0BA3 U+0BC0,0.9591,0.9111,0.9345,180.0
48,ணு,U+0BA3 U+0BC1,0.8615,0.9333,0.8960,180.0
49,ணூ,U+0BA3 U+0BC2,0.8366,0.9389,0.8848,180.0
50,த்,U+0BA4 U+0BCD,0.8350,0.9556,0.8912,180.0
51,த,U+0BA4,0.9828,0.9500,0.9661,180.0
52,தி,U+0BA4 U+0BBF,0.9588,0.9056,0.9314,180.0
53,தீ,U+0BA4 U+0BC0,0.9441,0.8444,0.8915,180.0
54,து,U+0BA4 U+0BC1,0.9708,0.9222,0.9459,180.0
55,தூ,U+0BA4 U+0BC2,0.9653,0.9278,0.9462,180.0
56,ந்,U+0BA8 U+0BCD,0.9333,0.9333,0.9333,180.0
57,ந,U+0BA8,0.9514,0.9778,0.9644,180.0
58,நி,U+0BA8 U+0BBF,0.9071,0.9222,0.9146,180.0
59,நீ,U+0BA8 U+0BC0,0.9371,0.9111,0.9239,180.0
60,நு,U+0BA8 U+0BC1,0.9483,0.9167,0.9322,180.0
61,நூ,U+0BA8 U+0BC2,0.9389,0.9389,0.9389,180.0
62,ப்,U+0BAA U+0BCD,0.9886,0.9667,0.9775,180.0
63,ப,U+0BAA,0.9727,0.9889,0.9807,180.0
64,பி,U+0BAA U+0BBF,0.9341,0.9444,0.9392,180.0
65,பீ,U+0BAA U+0BC0,0.9514,0.9778,0.9644,180.0
66,பு,U+0BAA U+0BC1,0.9889,0.9889,0.9889,180.0
67,பூ,U+0BAA U+0BC2,0.9500,0.9500,0.9500,180.0
68,ம்,U+0BAE U+0BCD,0.9667,0.9667,0.9667,180.0
69,ம,U+0BAE,0.9725,0.9833,0.9779,180.0
70,மி,U+0BAE U+0BBF,0.9760,0.9056,0.9395,180.0
71,மீ,U+0BAE U+0BC0,0.9653,0.9278,0.9462,180.0
72,மு,U+0BAE U+0BC1,0.8368,0.8833,0.8595,180.0
73,மூ,U+0BAE U+0BC2,0.8287,0.8333,0.8310,180.0
74,ய்,U+0BAF U+0BCD,0.9890,1.0000,0.9945,180.0
75,ய,U+0BAF,0.9889,0.9889,0.9889,180.0
76,யி,U+0BAF U+0BBF,0.9773,0.9556,0.9663,180.0
77,யீ,U+0BAF U+0BC0,0.9721,0.9667,0.9694,180.0
78,யு,U+0BAF U+0BC1,0.9890,0.9944,0.9917,180.0
79,யூ,U+0BAF U+0BC2,0.9769,0.9389,0.9575,180.0
80,ர்,U+0BB0 U+0BCD,0.9031,0.9833,0.9415,180.0
81,ர,U+0BB0,0.9412,0.9778,0.9591,180.0
82,ரி,U+0BB0 U+0BBF,0.9886,0.9667,0.9775,180.0
83,ரீ,U+0BB0 U+0BC0,0.9713,0.9389,0.9548,180.0
84,ரு,U+0BB0 U+0BC1,0.9302,0.8889,0.9091,180.0
85,ரூ,U+0BB0 U+0BC2,0.8587,0.8778,0.8681,180.0
86,ல்,U+0BB2 U+0BCD,0.9194,0.9500,0.9344,180.0
87,ல,U+0BB2,0.9119,0.9778,0.9437,180.0
88,லி,U+0BB2 U+0BBF,0.9422,0.9056,0.9235,180.0
89,லீ,U+0BB2 U+0BC0,0.9471,0.8944,0.9200,180.0
90,லு,U+0BB2 U+0BC1,0.9778,0.9778,0.9778,180.0
91,லூ,U+0BB2 U+0BC2,0.9780,0.9889,0.9834,180.0
92,ள்,U+0BB3 U+0BCD,0.9778,0.9778,0.9778,180.0
93,ள,U+0BB3,0.9563,0.9722,0.9642,180.0
94,ளி,U+0BB3 U+0BBF,0.9348,0.9556,0.9451,180.0
95,ளீ,U+0BB3 U+0BC0,0.9486,0.9222,0.9352,180.0
96,ளு,U+0BB3 U+0BC1,0.7071,0.9389,0.8067,180.0
97,ளூ,U+0BB3 U+0BC2,0.9549,0.7056,0.8115,180.0
98,ற்,U+0BB1 U+0BCD,0.9708,0.9222,0.9459,180.0
99,ற,U+0BB1,1.0000,0.9722,0.9859,180.0
100,றி,U+0BB1 U+0BBF,0.9457,0.9667,0.9560,180.0
101,றீ,U+0BB1 U+0BC0,0.9459,0.9722,0.9589,180.0
102,று,U+0BB1 U+0BC1,0.9558,0.9611,0.9584,180.0
103,றூ,U+0BB1 U+0BC2,0.9719,0.9611,0.9665,180.0
104,வ்,U+0BB5 U+0BCD,0.9651,0.9222,0.9432,180.0
105,வ,U+0BB5,0.9048,0.9500,0.9268,180.0
106,வி,U+0BB5 U+0BBF,0.9222,0.9222,0.9222,180.0
107,வீ,U+0BB5 U+0BC0,0.9189,0.9444,0.9315,180.0
108,வு,U+0BB5 U+0BC1,0.9465,0.9833,0.9646,180.0
109,வூ,U+0BB5 U+0BC2,0.9607,0.9500,0.9553,180.0
110,ழ்,U+0BB4 U+0BCD,0.9639,0.8889,0.9249,180.0
111,ழ,U+0BB4,0.9827,0.9444,0.9632,180.0
112,ழி,U+0BB4 U+0BBF,0.9312,0.9778,0.9539,180.0
113,ழீ,U+0BB4 U+0BC0,0.9448,0.9500,0.9474,180.0
114,ழு,U+0BB4 U+0BC1,0.8870,0.8722,0.8796,180.0
115,ழூ,U+0BB4 U+0BC2,0.9333,0.7778,0.8485,180.0
116,ன்,U+0BA9 U+0BCD,0.9448,0.9500,0.9474,180.0
117,ன,U+0BA9,0.9578,0.8833,0.9191,180.0
118,னி,U+0BA9 U+0BBF,0.8811,0.9056,0.8932,180.0
119,னீ,U+0BA9 U+0BC0,0.9293,0.9500,0.9396,180.0
120,னு,U+0BA9 U+0BC1,0.9294,0.8778,0.9029,180.0
121,ஷி,U+0BB7 U+0BBF,0.9282,0.9333,0.9307,180.0
122,ஷீ,U+0BB7 U+0BC0,0.8757,0.9000,0.8877,180.0
123,ஷு,U+0BB7 U+0BC1,0.8696,0.8889,0.8791,180.0
124,ஷூ,U+0BB7 U+0BC2,0.9471,0.8944,0.9200,180.0
125,க்ஷ,U+0B95 U+0BCD U+0BB7,0.9293,0.9500,0.9396,180.0
126,க்ஷ்,U+0B95 U+0BCD U+0BB7 U+0BCD,0.9716,0.9500,0.9607,180.0
127,க்ஷி,U+0B95 U+0BCD U+0BB7 U+0BBF,0.9005,0.9556,0.9272,180.0
128,க்ஷீ,U+0B95 U+0BCD U+0BB7 U+0BC0,0.8889,0.7111,0.7901,180.0
129,ஜு,U+0B9C U+0BC1,0.8571,0.7333,0.7904,180.0
130,ஜூ,U+0B9C U+0BC2,0.8976,0.8278,0.8613,180.0
131,ஹ,U+0BB9,0.9206,0.9667,0.9431,180.0
132,ஹ்,U+0BB9 U+0BCD,0.9663,0.9556,0.9609,180.0
133,ஹி,U+0BB9 U+0BBF,0.9179,0.9944,0.9547,180.0
134,ஹீ,U+0BB9 U+0BC0,0.8119,0.9111,0.8586,180.0
135,ஹு,U+0BB9 U+0BC1,0.8765,0.7889,0.8304,180.0
136,ஹூ,U+0BB9 U+0BC2,0.8966,0.8667,0.8814,180.0
137,ஸ,U+0BB8,0.9418,0.9889,0.9648,180.0
138,ஸ்,U+0BB8 U+0BCD,1.0000,0.9500,0.9744,180.0
139,ஸி,U+0BB8 U+0BBF,0.9010,0.9611,0.9301,180.0
140,ஸீ,U+0BB8 U+0BC0,0.9503,0.9556,0.9529,180.0
141,ஸு,U+0BB8 U+0BC1,0.8883,0.9278,0.9076,180.0
142,ஸூ,U+0BB8 U+0BC2,0.9524,0.8889,0.9195,180.0
143,ஷ,U+0BB7,0.9048,0.9500,0.9268,180.0
144,ஷ்,U+0BB7 U+0BCD,0.9598,0.9278,0.9435,180.0
145,னூ,U+0BA9 U+0BC2,0.9268,0.8444,0.8837,180.0
146,ஸ்ரீ,U+0BB8 U+0BCD U+0BB0 U+0BC0,0.9883,0.9389,0.9630,180.0
147,க்ஷூ,U+0B95 U+0BCD U+0BB7 U+0BC2,0.8119,0.9111,0.8586,180.0
148,ஜ,U+0B9C,0.9598,0.9278,0.9435,180.0
149,ஜ்,U+0B9C U+0BCD,0.9887,0.9722,0.9804,180.0
150,ஜி,U+0B9C U+0BBF,0.9553,0.9500,0.9526,180.0
151,ஜீ,U+0B9C U+0BC0,0.8088,0.9167,0.8594,180.0
152,க்ஷு,U+0B95 U+0BCD U+0BB7 U+0BC1,0.7297,0.7500,0.7397,180.0
153,ெ,U+0BC6,0.9454,0.9611,0.9532,180.0
154,ே,U+0BC7,0.9825,0.9333,0.9573,180.0
155,ை,U+0BC8,0.9005,0.9556,0.9272,180.0
